<?xml version="1.0" encoding="UTF-8"?>
<beans xmlns="http://www.springframework.org/schema/beans"
	xmlns:xsi="http://www.w3.org/2001/XMLSchema-instance"
	xmlns:context="http://www.springframework.org/schema/context"
	xsi:schemaLocation="http://www.springframework.org/schema/beans 
	http://www.springframework.org/schema/beans/spring-beans.xsd
		http://www.springframework.org/schema/context 
		http://www.springframework.org/schema/context/spring-context-3.1.xsd">
	
	<context:annotation-config/>
	
	<bean id="ballpen1" class="yuhan.spring.auto.Ballpen">
		<qualifier value="yuhan01"> </qualifier>
	</bean>
	<bean id="ballpen2" class="yuhan.spring.auto.Ballpen">
	</bean>
	<bean id="ballpen3" class="yuhan.spring.auto.Ballpen">
	</bean>
	<bean id="student" class="yuhan.spring.auto.Student">
	</bean>
</beans>
