<?xml version="1.0" encoding="UTF-8"?>
<beans xmlns="http://www.springframework.org/schema/beans"
	xmlns:xsi="http://www.w3.org/2001/XMLSchema-instance"
	xsi:schemaLocation="http://www.springframework.org/schema/beans http://www.springframework.org/schema/beans/spring-beans.xsd">
	<bean id = "player1" class ="yuhan.spring.init.Player">
	<constructor-arg value="최지만"/>
	<constructor-arg value="24"/>
	<constructor-arg>
		<list>
			<value>3번타자</value>
			<value>1루수</value>
		</list>
	</constructor-arg>
	<property name="height" value="190"/>
	<property name="weight" value="100"/>
	</bean>
	
	<bean id = "player2" class ="yuhan.spring.init.Player">
	<constructor-arg value="추신수"/>
	<constructor-arg value="36"/>
	<constructor-arg>
		<list>
			<value>3번타자</value>
			<value>좌익수</value>
		</list>
	</constructor-arg>
	<property name="height" value="180"/>
	<property name="weight" value="90"/>
	</bean>
	
</beans>
